{"cameraMode":{"drawMode":0,"name":"Shaded","section":"Shading Mode"},"sceneLighting":true,"audioPlay":false,"sceneViewState":{"showFog":false,"showMaterialUpdate":false,"showSkybox":false,"showFlares":false,"showImageEffects":false,"showParticleSystems":true},"in2DMode":false,"pivot":{"x":-1.025100588798523,"y":-2.4283602237701418,"z":0.7146099805831909},"rotation":{"x":0.09495142847299576,"y":0.8555657863616943,"z":-0.16926923394203187,"w":0.47993677854537966},"size":6.3037590980529789,"orthographic":false}