{"cameraMode":{"drawMode":0,"name":"Shaded","section":"Shading Mode"},"sceneLighting":false,"audioPlay":false,"sceneViewState":{"showFog":false,"showMaterialUpdate":false,"showSkybox":false,"showFlares":false,"showImageEffects":false,"showParticleSystems":true},"in2DMode":false,"pivot":{"x":-0.020999997854232789,"y":0.3444689214229584,"z":0.3412361145019531},"rotation":{"x":-0.25375452637672427,"y":0.18150970339775086,"z":-0.04854094982147217,"w":-0.9488449096679688},"size":1.5904377698898316,"orthographic":false}