{"cameraMode":{"drawMode":0,"name":"Shaded","section":"Shading Mode"},"sceneLighting":false,"audioPlay":false,"sceneViewState":{"showFog":true,"showMaterialUpdate":false,"showSkybox":true,"showFlares":true,"showImageEffects":true,"showParticleSystems":true},"in2DMode":false,"pivot":{"x":-0.4527813792228699,"y":0.5679800510406494,"z":-9.12934684753418},"rotation":{"x":0.33257538080215456,"y":-0.3625781834125519,"z":0.14034391939640046,"w":0.8592055439949036},"size":0.1644299030303955,"orthographic":false}